[
  {
    "id": "5122f549-365b-4baa-8338-a6ed013c0e66",
    "data": [
      {
        "text": "滾",
        "userDefined": false
      }
    ],
    "isTemplate": false,
    "count": 0
  },
  {
    "id": "aa7d16d0-f37d-4ebb-be7e-ae7a800a98a3",
    "data": [
      {
        "text": "我不同意",
        "userDefined": false
      }
    ],
    "isTemplate": false,
    "count": 0,
    "updated": 1497446585
  },
  {
    "id": "011ca58a-4350-4dc8-b43a-ba71ad963efa",
    "data": [
      {
        "text": "不要執行",
        "userDefined": false
      }
    ],
    "isTemplate": false,
    "count": 0,
    "updated": 1497446585
  },
  {
    "id": "900695a1-9dff-4e45-a768-b3fd4deb2943",
    "data": [
      {
        "text": "絕對不要",
        "userDefined": false
      }
    ],
    "isTemplate": false,
    "count": 0,
    "updated": 1497446585
  },
  {
    "id": "cb7e3dbd-9e3d-47ec-bf3f-98825f44fddb",
    "data": [
      {
        "text": "有些機會不屬於你",
        "userDefined": false
      }
    ],
    "isTemplate": false,
    "count": 0
  },
  {
    "id": "7a3fba95-42d7-4ca4-aa26-e04df6311588",
    "data": [
      {
        "text": "不感興趣",
        "userDefined": false
      }
    ],
    "isTemplate": false,
    "count": 0,
    "updated": 1497446585
  },
  {
    "id": "40a4c240-67e7-48f6-aca1-f072f0f99a1c",
    "data": [
      {
        "text": "閉嘴",
        "userDefined": false
      }
    ],
    "isTemplate": false,
    "count": 0
  },
  {
    "id": "95998e35-f6a1-4d40-9636-2188398cf0fd",
    "data": [
      {
        "text": "我不願意",
        "userDefined": false
      }
    ],
    "isTemplate": false,
    "count": 0,
    "updated": 1497446585
  },
  {
    "id": "f842c83f-362a-4036-a543-2c56b6b85b4e",
    "data": [
      {
        "text": "我不想",
        "userDefined": false
      }
    ],
    "isTemplate": false,
    "count": 0,
    "updated": 1497446585
  },
  {
    "id": "e454bfae-99ff-4507-a999-2eecc87e15a5",
    "data": [
      {
        "text": "不用了，謝謝",
        "userDefined": false
      }
    ],
    "isTemplate": false,
    "count": 0,
    "updated": 1497446585
  },
  {
    "id": "07a3c0b3-23a1-4b19-92fb-d5b9a35f3f53",
    "data": [
      {
        "text": "走開死宅男",
        "userDefined": false
      }
    ],
    "isTemplate": false,
    "count": 0
  },
  {
    "id": "e30fedc5-0316-4e6d-9c93-e56e3192db76",
    "data": [
      {
        "text": "否",
        "userDefined": false
      }
    ],
    "isTemplate": false,
    "count": 0,
    "updated": 1497446585
  },
  {
    "id": "687860ad-453e-48fb-b290-b88ba907cf75",
    "data": [
      {
        "text": "不必了",
        "userDefined": false
      }
    ],
    "isTemplate": false,
    "count": 0,
    "updated": 1497446585
  }
]