[
  {
    "id": "312ba6c4-90cd-4717-82fa-464e309ac7a7",
    "data": [
      {
        "text": "再說一次",
        "userDefined": false
      }
    ],
    "isTemplate": false,
    "count": 0,
    "updated": 1497446582
  },
  {
    "id": "4a563612-7a37-44ed-8788-de1c224a3965",
    "data": [
      {
        "text": "請重複",
        "userDefined": false
      }
    ],
    "isTemplate": false,
    "count": 0,
    "updated": 1497446582
  },
  {
    "id": "6eae4a14-a311-4173-abf4-4ee340cec67b",
    "data": [
      {
        "text": "重複",
        "userDefined": false
      }
    ],
    "isTemplate": false,
    "count": 0,
    "updated": 1497446582
  },
  {
    "id": "f4e396be-d652-46e9-8dda-af532db543d0",
    "data": [
      {
        "text": "再一次",
        "userDefined": false
      }
    ],
    "isTemplate": false,
    "count": 0,
    "updated": 1497446582
  },
  {
    "id": "030a835b-3e13-4fe0-9c12-494b639ca012",
    "data": [
      {
        "text": "再做一次",
        "userDefined": false
      }
    ],
    "isTemplate": false,
    "count": 0,
    "updated": 1497446582
  },
  {
    "id": "d542f0e5-6949-4435-bcd3-5f921f728845",
    "data": [
      {
        "text": "重複這些搜尋結果",
        "userDefined": false
      }
    ],
    "isTemplate": false,
    "count": 0,
    "updated": 1497446582
  },
  {
    "id": "0bba57df-747f-4f45-9235-3509c8938a3d",
    "data": [
      {
        "text": "重複你剛剛說的內容",
        "userDefined": false
      }
    ],
    "isTemplate": false,
    "count": 0,
    "updated": 1497446582
  },
  {
    "id": "db12a7a5-63b9-4a6e-8762-ea39cb48cb6a",
    "data": [
      {
        "text": "請重複一次",
        "userDefined": false
      }
    ],
    "isTemplate": false,
    "count": 0,
    "updated": 1497446582
  },
  {
    "id": "18601ede-119d-4bee-b8f1-5c1551af083f",
    "data": [
      {
        "text": "再重複一次",
        "userDefined": false
      }
    ],
    "isTemplate": false,
    "count": 0,
    "updated": 1497446582
  },
  {
    "id": "448e433b-dbbd-43ec-869b-88184038cc63",
    "data": [
      {
        "text": "可以重複一次嗎",
        "userDefined": false
      }
    ],
    "isTemplate": false,
    "count": 0,
    "updated": 1497446582
  }
]