[
  {
    "id": "5dddb201-a48a-42f4-9531-6d496c6a0bb1",
    "data": [
      {
        "text": "我不同意",
        "userDefined": false
      }
    ],
    "isTemplate": false,
    "count": 0,
    "updated": 1497446585
  },
  {
    "id": "945134f1-a0b0-4ae1-99ba-4ea5359da664",
    "data": [
      {
        "text": "否",
        "userDefined": false
      }
    ],
    "isTemplate": false,
    "count": 0,
    "updated": 1497446585
  },
  {
    "id": "fa9d3f78-0e4c-4c43-9f57-947ba375cae6",
    "data": [
      {
        "text": "絕對不要",
        "userDefined": false
      }
    ],
    "isTemplate": false,
    "count": 0,
    "updated": 1497446585
  },
  {
    "id": "9d79a514-acaa-408d-8c5f-3c1344632360",
    "data": [
      {
        "text": "不用",
        "userDefined": false
      }
    ],
    "isTemplate": false,
    "count": 0
  },
  {
    "id": "274c9000-d533-419b-a80a-922be760d553",
    "data": [
      {
        "text": "不要",
        "userDefined": false
      }
    ],
    "isTemplate": false,
    "count": 0
  },
  {
    "id": "49c0c39d-5893-4091-b03e-bb2939a6df1d",
    "data": [
      {
        "text": "不必了",
        "userDefined": false
      }
    ],
    "isTemplate": false,
    "count": 0,
    "updated": 1497446585
  },
  {
    "id": "939f9ed5-ef18-4490-80da-7947e5dad764",
    "data": [
      {
        "text": "不感興趣",
        "userDefined": false
      }
    ],
    "isTemplate": false,
    "count": 0,
    "updated": 1497446585
  },
  {
    "id": "5cf8587a-8a7b-48f5-8f48-5b085a4b1ad9",
    "data": [
      {
        "text": "我不想",
        "userDefined": false
      }
    ],
    "isTemplate": false,
    "count": 1,
    "updated": 1497446585
  },
  {
    "id": "8e56e362-1119-4595-b938-fed51e5faaec",
    "data": [
      {
        "text": "我不願意",
        "userDefined": false
      }
    ],
    "isTemplate": false,
    "count": 0,
    "updated": 1497446585
  },
  {
    "id": "5bdd2ef6-277d-4a1d-a434-5e89b3077786",
    "data": [
      {
        "text": "不用了，謝謝",
        "userDefined": false
      }
    ],
    "isTemplate": false,
    "count": 0,
    "updated": 1497446585
  },
  {
    "id": "40d96f6c-7a0b-42b3-8a0c-179d667479dd",
    "data": [
      {
        "text": "不要執行",
        "userDefined": false
      }
    ],
    "isTemplate": false,
    "count": 0,
    "updated": 1497446585
  }
]