[
  {
    "id": "a8b3f773-017a-4285-b7cd-46c3fce8c78a",
    "data": [
      {
        "text": "查詢交易明細",
        "userDefined": false
      }
    ],
    "isTemplate": false,
    "count": 0
  },
  {
    "id": "4644b6a9-91d9-418c-ab6b-16b36463c629",
    "data": [
      {
        "text": "交易明細",
        "userDefined": false
      }
    ],
    "isTemplate": false,
    "count": 0
  },
  {
    "id": "9062ab4f-c739-4c51-ad98-31db3ec64985",
    "data": [
      {
        "text": "交",
        "userDefined": false
      }
    ],
    "isTemplate": false,
    "count": 0
  },
  {
    "id": "34832c50-acf6-46d9-9c25-14eaf01e9b89",
    "data": [
      {
        "text": "易",
        "userDefined": false
      }
    ],
    "isTemplate": false,
    "count": 0
  },
  {
    "id": "b9e54bd9-6570-415c-b57f-1d65586954e0",
    "data": [
      {
        "text": "交易",
        "userDefined": false
      }
    ],
    "isTemplate": false,
    "count": 0
  },
  {
    "id": "3e9a8bb5-ccc8-4077-a7f7-362d69ec1d68",
    "data": [
      {
        "text": "2",
        "alias": "number",
        "meta": "@sys.number",
        "userDefined": false
      }
    ],
    "isTemplate": false,
    "count": 0
  }
]