[
  {
    "id": "d6260418-4640-4310-9393-d4ae59c0850c",
    "data": [
      {
        "text": "程式課程查詢",
        "userDefined": false
      }
    ],
    "isTemplate": false,
    "count": 0
  },
  {
    "id": "40b17ec5-62cf-4ee4-86f9-1f7f58a8cb4b",
    "data": [
      {
        "text": "課程查詢",
        "userDefined": false
      }
    ],
    "isTemplate": false,
    "count": 0
  },
  {
    "id": "8289c2aa-0c38-422b-a22e-da4c61329d5e",
    "data": [
      {
        "text": "1",
        "userDefined": false
      }
    ],
    "isTemplate": false,
    "count": 0
  },
  {
    "id": "b715974f-7154-4214-a83b-0e0ce241f1e4",
    "data": [
      {
        "text": "程",
        "userDefined": false
      }
    ],
    "isTemplate": false,
    "count": 0
  },
  {
    "id": "10bf1805-7bed-4c60-9b72-7cebe04c080e",
    "data": [
      {
        "text": "課",
        "userDefined": false
      }
    ],
    "isTemplate": false,
    "count": 0
  },
  {
    "id": "3c8618f5-b60d-4b06-89cd-ab264d9136b1",
    "data": [
      {
        "text": "課程",
        "userDefined": false
      }
    ],
    "isTemplate": false,
    "count": 0
  },
  {
    "id": "1386ea63-f437-4b24-8aa7-9dcfecc9b981",
    "data": [
      {
        "text": "程式",
        "userDefined": false
      }
    ],
    "isTemplate": false,
    "count": 0
  }
]