[
  {
    "id": "21cf8417-3b8e-4c66-bdee-ea341a5fcafe",
    "data": [
      {
        "text": "好",
        "userDefined": false
      }
    ],
    "isTemplate": false,
    "count": 0
  },
  {
    "id": "abd11d68-639e-479a-8d0b-1d8a257e3f0a",
    "data": [
      {
        "text": "可以",
        "userDefined": false
      }
    ],
    "isTemplate": false,
    "count": 0
  },
  {
    "id": "fc54c748-ef99-4693-bd52-ba62a0e27ae5",
    "data": [
      {
        "text": "沒問題",
        "userDefined": false
      }
    ],
    "isTemplate": false,
    "count": 0
  },
  {
    "id": "d5941f7c-4705-409f-af9d-1d874fa672d7",
    "data": [
      {
        "text": "好的",
        "userDefined": false
      }
    ],
    "isTemplate": false,
    "count": 0
  },
  {
    "id": "297008cc-d645-4cbf-9db6-8e3a1113a851",
    "data": [
      {
        "text": "是",
        "userDefined": false
      }
    ],
    "isTemplate": false,
    "count": 0
  }
]