[
  {
    "id": "2a196014-6e5c-4fea-aafc-6ccda3ec0778",
    "data": [
      {
        "text": "3",
        "alias": "number",
        "meta": "@sys.number",
        "userDefined": false
      }
    ],
    "isTemplate": false,
    "count": 0
  },
  {
    "id": "374426b8-5ab4-4a3c-b9d6-b2c8cd377717",
    "data": [
      {
        "text": "商店",
        "userDefined": false
      }
    ],
    "isTemplate": false,
    "count": 0
  },
  {
    "id": "19b82540-0295-49ec-b0ce-8ecdd2e83bcf",
    "data": [
      {
        "text": "商店營運",
        "userDefined": false
      }
    ],
    "isTemplate": false,
    "count": 0
  },
  {
    "id": "dd1a1df7-be7b-4f98-9c9f-867bc3f20024",
    "data": [
      {
        "text": "商店營運狀況",
        "userDefined": false
      }
    ],
    "isTemplate": false,
    "count": 0
  },
  {
    "id": "319a8008-707e-4ef7-9219-b2f5c7c8391d",
    "data": [
      {
        "text": "查詢商店營運狀況",
        "userDefined": false
      }
    ],
    "isTemplate": false,
    "count": 0
  },
  {
    "id": "30958958-2507-4c37-bd36-223782a0c091",
    "data": [
      {
        "text": "營運",
        "userDefined": false
      }
    ],
    "isTemplate": false,
    "count": 0
  }
]