[
  {
    "id": "5b545f2a-b471-4ca3-bae0-029291900558",
    "data": [
      {
        "text": "確認",
        "userDefined": false
      }
    ],
    "isTemplate": false,
    "count": 0,
    "updated": 1497446586
  },
  {
    "id": "4dac5621-2f7f-48e2-9dac-2c19db33eac3",
    "data": [
      {
        "text": "正確",
        "userDefined": false
      }
    ],
    "isTemplate": false,
    "count": 0,
    "updated": 1497446586
  },
  {
    "id": "615437a3-5896-42ec-9255-cbf73749d3e8",
    "data": [
      {
        "text": "好啊",
        "userDefined": false
      }
    ],
    "isTemplate": false,
    "count": 0,
    "updated": 1497446586
  },
  {
    "id": "5e192e0d-e867-45f8-8c0b-a5a9e0fa3e15",
    "data": [
      {
        "text": "好的",
        "userDefined": false
      }
    ],
    "isTemplate": false,
    "count": 0,
    "updated": 1497446586
  },
  {
    "id": "a5632d88-8f63-405a-b174-257515035a30",
    "data": [
      {
        "text": "好",
        "userDefined": false
      }
    ],
    "isTemplate": false,
    "count": 0,
    "updated": 1497446586
  },
  {
    "id": "902d5d47-19c1-4748-bdf6-52fc85b12b3a",
    "data": [
      {
        "text": "可以",
        "userDefined": false
      }
    ],
    "isTemplate": false,
    "count": 0,
    "updated": 1497446586
  },
  {
    "id": "2c20eb86-ec73-4216-85bc-fa63db9b3c3b",
    "data": [
      {
        "text": "我同意",
        "userDefined": false
      }
    ],
    "isTemplate": false,
    "count": 0,
    "updated": 1497446586
  },
  {
    "id": "3dad5299-f923-424d-9cc0-a8c28fa5d4d1",
    "data": [
      {
        "text": "執行",
        "userDefined": false
      }
    ],
    "isTemplate": false,
    "count": 0,
    "updated": 1497446586
  },
  {
    "id": "ea1cb9ba-75aa-42f3-a0c6-ade2852deafe",
    "data": [
      {
        "text": "沒錯",
        "userDefined": false
      }
    ],
    "isTemplate": false,
    "count": 0,
    "updated": 1497446586
  },
  {
    "id": "6110fbc5-eadd-49f1-9c45-62267c746a5f",
    "data": [
      {
        "text": "是",
        "userDefined": false
      }
    ],
    "isTemplate": false,
    "count": 0,
    "updated": 1497446586
  }
]