[
  {
    "id": "ea56da1c-80f5-4da8-9fc9-add8b1443f2a",
    "data": [
      {
        "text": "NO",
        "userDefined": false
      }
    ],
    "isTemplate": false,
    "count": 1
  },
  {
    "id": "d2c31931-c715-4d48-af45-3b10044a988e",
    "data": [
      {
        "text": "不用了，謝謝",
        "userDefined": false
      }
    ],
    "isTemplate": false,
    "count": 0,
    "updated": 1497446585
  },
  {
    "id": "a1673842-136c-4600-b310-1c2c06a56737",
    "data": [
      {
        "text": "不要",
        "userDefined": false
      }
    ],
    "isTemplate": false,
    "count": 0
  },
  {
    "id": "1d3424c3-e4dd-4d91-a0a3-d870e59a18f1",
    "data": [
      {
        "text": "不感興趣",
        "userDefined": false
      }
    ],
    "isTemplate": false,
    "count": 0,
    "updated": 1497446585
  },
  {
    "id": "1d279108-5bdf-4c5e-b611-8ac05c09d8c5",
    "data": [
      {
        "text": "不要執行",
        "userDefined": false
      }
    ],
    "isTemplate": false,
    "count": 0,
    "updated": 1497446585
  },
  {
    "id": "bfd7b2fc-72a0-409e-8b42-e8d8196b71b2",
    "data": [
      {
        "text": "別",
        "userDefined": false
      }
    ],
    "isTemplate": false,
    "count": 0
  },
  {
    "id": "dd9fce42-d593-4e0a-94d0-f8dc009668ad",
    "data": [
      {
        "text": "我不想",
        "userDefined": false
      }
    ],
    "isTemplate": false,
    "count": 0,
    "updated": 1497446585
  },
  {
    "id": "1b0526a4-5930-4ad7-97d8-e9f8277e3991",
    "data": [
      {
        "text": "絕對不要",
        "userDefined": false
      }
    ],
    "isTemplate": false,
    "count": 0,
    "updated": 1497446585
  },
  {
    "id": "21d57951-2b24-4e4f-872d-3b7c9251ced6",
    "data": [
      {
        "text": "不必了",
        "userDefined": false
      }
    ],
    "isTemplate": false,
    "count": 0,
    "updated": 1497446585
  },
  {
    "id": "51d265ff-7685-4fb3-863b-45e7338082ac",
    "data": [
      {
        "text": "我不願意",
        "userDefined": false
      }
    ],
    "isTemplate": false,
    "count": 0,
    "updated": 1497446585
  },
  {
    "id": "b6ba1737-8d58-4753-8d05-78b6b55b93fe",
    "data": [
      {
        "text": "我不同意",
        "userDefined": false
      }
    ],
    "isTemplate": false,
    "count": 0,
    "updated": 1497446585
  },
  {
    "id": "9252e862-88db-4d3e-9038-15838d95db97",
    "data": [
      {
        "text": "N",
        "userDefined": false
      }
    ],
    "isTemplate": false,
    "count": 7
  },
  {
    "id": "49167094-dac0-4adb-96e2-e9cf697b94a4",
    "data": [
      {
        "text": "不用",
        "userDefined": false
      }
    ],
    "isTemplate": false,
    "count": 0
  },
  {
    "id": "1eed1722-8eef-4a82-80f4-2e0b3c20a2f0",
    "data": [
      {
        "text": "否",
        "userDefined": false
      }
    ],
    "isTemplate": false,
    "count": 0,
    "updated": 1497446585
  }
]