[
  {
    "id": "7b1da447-f88c-43b2-809e-97c306683861",
    "data": [
      {
        "text": "Y",
        "userDefined": false
      }
    ],
    "isTemplate": false,
    "count": 0
  },
  {
    "id": "4dec403b-6be0-4a41-86f0-cddf4c25bf1f",
    "data": [
      {
        "text": "需要",
        "userDefined": false
      }
    ],
    "isTemplate": false,
    "count": 0
  },
  {
    "id": "106a2dbe-7c62-46df-b7d1-7d89fb79021a",
    "data": [
      {
        "text": "沒錯",
        "userDefined": false
      }
    ],
    "isTemplate": false,
    "count": 1,
    "updated": 1497446586
  },
  {
    "id": "6fa1ea43-8b68-476c-a54b-69c5978709f2",
    "data": [
      {
        "text": "好",
        "userDefined": false
      }
    ],
    "isTemplate": false,
    "count": 0,
    "updated": 1497446586
  },
  {
    "id": "c7ece9df-ef0d-4111-b933-33c4b586ca08",
    "data": [
      {
        "text": "好的",
        "userDefined": false
      }
    ],
    "isTemplate": false,
    "count": 0,
    "updated": 1497446586
  },
  {
    "id": "4a36a423-b216-45c5-91d5-3429f1849360",
    "data": [
      {
        "text": "確認",
        "userDefined": false
      }
    ],
    "isTemplate": false,
    "count": 0,
    "updated": 1497446586
  },
  {
    "id": "d78d1633-6933-494d-88a9-02b146bddb2c",
    "data": [
      {
        "text": "yse",
        "userDefined": false
      }
    ],
    "isTemplate": false,
    "count": 2
  },
  {
    "id": "f15ee637-d584-4fb0-84ba-3c0c2ec88d97",
    "data": [
      {
        "text": "YES",
        "userDefined": false
      }
    ],
    "isTemplate": false,
    "count": 1
  },
  {
    "id": "ccf90f79-a2bc-4022-8cc6-9cb108d50f57",
    "data": [
      {
        "text": "好啊",
        "userDefined": false
      }
    ],
    "isTemplate": false,
    "count": 0,
    "updated": 1497446586
  },
  {
    "id": "7578c6b3-e621-44c2-82c4-f2a3f2ca9102",
    "data": [
      {
        "text": "執行",
        "userDefined": false
      }
    ],
    "isTemplate": false,
    "count": 0,
    "updated": 1497446586
  },
  {
    "id": "c2ce1485-5510-4206-b3c3-8d8a1317faea",
    "data": [
      {
        "text": "可以",
        "userDefined": false
      }
    ],
    "isTemplate": false,
    "count": 0,
    "updated": 1497446586
  },
  {
    "id": "e8a2cd81-3f8f-4c1d-9892-1fa296b26d54",
    "data": [
      {
        "text": "是",
        "userDefined": false
      }
    ],
    "isTemplate": false,
    "count": 0,
    "updated": 1497446586
  },
  {
    "id": "38c29c8c-9625-4974-921e-3dcf669db5e6",
    "data": [
      {
        "text": "我同意",
        "userDefined": false
      }
    ],
    "isTemplate": false,
    "count": 0,
    "updated": 1497446586
  },
  {
    "id": "c163fffb-8290-4411-a221-7190fccb04e2",
    "data": [
      {
        "text": "須要",
        "userDefined": false
      }
    ],
    "isTemplate": false,
    "count": 0
  },
  {
    "id": "b6615888-3522-4040-ae27-71b8e18f294e",
    "data": [
      {
        "text": "正確",
        "userDefined": false
      }
    ],
    "isTemplate": false,
    "count": 1,
    "updated": 1497446586
  }
]